[
  {
    "id": "belmond",
    "name": "Belmond",
    "logo": "/logos/belmond.svg",
    "perks": "Bellini Club benefits: daily breakfast, upgrade on arrival (subject to availability), property credit."
  },
  {
    "id": "four-seasons",
    "name": "Four Seasons",
    "logo": "/logos/four_seasons.svg",
    "perks": "Preferred Partner benefits: daily breakfast, upgrade, amenity, VIP status."
  },
  {
    "id": "aman",
    "name": "Aman",
    "logo": "/logos/aman.svg",
    "perks": "AMAN Privileges: experiences access, upgrades, select credits."
  },
  {
    "id": "rosewood",
    "name": "Rosewood",
    "logo": "/logos/rosewood.svg",
    "perks": "Elite benefits at participating properties."
  },
  {
    "id": "oetker",
    "name": "Oetker Collection",
    "logo": "/logos/oetker.svg",
    "perks": "Pearl Partner advantages where available."
  },
  {
    "id": "ritz",
    "name": "Ritz\u2011Carlton",
    "logo": "/logos/ritz-carlton.svg",
    "perks": "STARS benefits at select hotels."
  },
  {
    "id": "mo",
    "name": "Mandarin Oriental",
    "logo": "/logos/mandarin_oriental.svg",
    "perks": "Fan Club inclusions where available."
  }
]