[
  {
    "slug": "amalfi-coast-summer",
    "title": "A Sun\u2011kissed Week on the Amalfi Coast",
    "excerpt": "Yacht days, cliffside lunches, and quiet coves only locals whisper about.",
    "date": "2025-08-01",
    "author": "Professional Luxury Traveller",
    "images": [
      "/samples/amalfi1.jpg",
      "/samples/amalfi2.jpg"
    ],
    "location": {
      "label": "Amalfi Coast, Italy",
      "lat": 40.63,
      "lng": 14.6
    },
    "content": "Seven days drifting between Positano and Ravello, with a captain who knew every hidden mooring. Private access to a 18th\u2011century palazzo for an after\u2011hours tasting, and a beach club that opened its gates just for us. The itinerary balanced motion and stillness\u2014a morning swim from the stern, a long lunch above the sea, and a sunset sail threading Sorrento's silhouette. Families will love the ease; romantics will remember the hush."
  },
  {
    "slug": "kyoto-autumn-temples",
    "title": "Kyoto in Crimson: Temples After Hours",
    "excerpt": "Lantern paths, tea with an abbot, and the rustle of momiji underfoot.",
    "date": "2025-06-10",
    "author": "Professional Luxury Traveller",
    "images": [
      "/samples/kyoto1.jpg"
    ],
    "location": {
      "label": "Kyoto, Japan",
      "lat": 35.01,
      "lng": 135.77
    },
    "content": "We arranged private temple access at blue hour\u2014just as visitors left and the city exhaled. A tea ceremony with a temple abbot opened a quiet conversation on impermanence, followed by kaiseki in a machiya where the chef curated courses around the evening's leaves. The walk along the Philosopher\u2019s Path, lanterns reflected in the canal, made the world feel hand\u2011drawn."
  },
  {
    "slug": "patagonia-family-expedition",
    "title": "Patagonia, Threaded by Family",
    "excerpt": "Glaciers by zodiac, estancias, and a campfire beneath a wing of stars.",
    "date": "2025-03-18",
    "author": "Professional Luxury Traveller",
    "images": [
      "/samples/patagonia1.jpg",
      "/samples/patagonia2.jpg",
      "/samples/patagonia3.jpg"
    ],
    "location": {
      "label": "Patagonia, Argentina",
      "lat": -50.34,
      "lng": -72.26
    },
    "content": "Our guide plotted a route that kept grandparents and eight\u2011year\u2011olds in the same stream of wonder. Estancia lunches, a private zodiac into glacial blue, and horses that seemed to know the trail by heart. The wind did its Patagonian thing, and we leaned into it\u2014layered in wool, warmed by stories. The night sky looked like a map we could learn by firelight."
  }
]